읍면동,구 이름,동 이름,전체평균연령,남자,여자,약국,여성 복지 시설수,학원수 (개),지역 문화 복지 시설,영화관,박물관,미술관,공연장,공원수,도서관 수,녹지 만족도(10점 평균),소음,대기오염,휴식공간 및 녹지부족,수질오염,범죄 폭력,길거리의 쓰레기방치,주차질서
1101053,종로구,사직동,46.3,46.1,46.4,180,3,248,5,6,33,20,167,106,7,6.18,65.2,63.4,71.0,68.5,55.2,52.0,48.4
1101054,종로구,삼청동,49.5,48.3,50.5,180,3,248,5,6,33,20,167,106,7,6.18,65.2,63.4,71.0,68.5,55.2,52.0,48.4
1101055,종로구,부암동,46.4,45.1,47.6,180,3,248,5,6,33,20,167,106,7,6.18,65.2,63.4,71.0,68.5,55.2,52.0,48.4
1101056,종로구,평창동,46.2,45.0,47.3,180,3,248,5,6,33,20,167,106,7,6.18,65.2,63.4,71.0,68.5,55.2,52.0,48.4
1101057,종로구,무악동,44.6,44.6,44.5,180,3,248,5,6,33,20,167,106,7,6.18,65.2,63.4,71.0,68.5,55.2,52.0,48.4
1101058,종로구,교남동,43.7,42.9,44.4,180,3,248,5,6,33,20,167,106,7,6.18,65.2,63.4,71.0,68.5,55.2,52.0,48.4
1101060,종로구,가회동,47.6,46.2,48.9,180,3,248,5,6,33,20,167,106,7,6.18,65.2,63.4,71.0,68.5,55.2,52.0,48.4
1101064,종로구,이화동,45.5,44.6,46.2,180,3,248,5,6,33,20,167,106,7,6.18,65.2,63.4,71.0,68.5,55.2,52.0,48.4
1101067,종로구,창신1동,51.1,50.3,52.0,180,3,248,5,6,33,20,167,106,7,6.18,65.2,63.4,71.0,68.5,55.2,52.0,48.4
1101068,종로구,창신2동,50.7,49.5,51.9,180,3,248,5,6,33,20,167,106,7,6.18,65.2,63.4,71.0,68.5,55.2,52.0,48.4
1101069,종로구,창신3동,46.9,45.7,48.1,180,3,248,5,6,33,20,167,106,7,6.18,65.2,63.4,71.0,68.5,55.2,52.0,48.4
1101070,종로구,숭인1동,48.3,47.3,49.1,180,3,248,5,6,33,20,167,106,7,6.18,65.2,63.4,71.0,68.5,55.2,52.0,48.4
1101071,종로구,숭인2동,44.8,46.1,43.5,180,3,248,5,6,33,20,167,106,7,6.18,65.2,63.4,71.0,68.5,55.2,52.0,48.4
1101072,종로구,청운효자동,45.0,43.6,46.3,180,3,248,5,6,33,20,167,106,7,6.18,65.2,63.4,71.0,68.5,55.2,52.0,48.4
1101073,종로구,혜화동,42.5,41.4,43.5,180,3,248,5,6,33,20,167,106,7,6.18,65.2,63.4,71.0,68.5,55.2,52.0,48.4
1102052,중구,소공동,42.4,43.1,41.7,170,0,108,15,9,16,1,29,70,9,6.24,65.1,64.2,71.6,75.1,71.9,62.2,53.1
1102054,중구,회현동,51.4,51.5,51.3,170,0,108,15,9,16,1,29,70,9,6.24,65.1,64.2,71.6,75.1,71.9,62.2,53.1
1102055,중구,명동,50.5,48.1,52.2,170,0,108,15,9,16,1,29,70,9,6.24,65.1,64.2,71.6,75.1,71.9,62.2,53.1
1102057,중구,필동,46.0,45.4,46.7,170,0,108,15,9,16,1,29,70,9,6.24,65.1,64.2,71.6,75.1,71.9,62.2,53.1
1102058,중구,장충동,43.3,41.8,44.9,170,0,108,15,9,16,1,29,70,9,6.24,65.1,64.2,71.6,75.1,71.9,62.2,53.1
1102059,중구,광희동,45.1,45.9,44.4,170,0,108,15,9,16,1,29,70,9,6.24,65.1,64.2,71.6,75.1,71.9,62.2,53.1
1102060,중구,을지로동,44.0,45.6,42.1,170,0,108,15,9,16,1,29,70,9,6.24,65.1,64.2,71.6,75.1,71.9,62.2,53.1
1102065,중구,신당5동,45.9,45.6,46.1,170,0,108,15,9,16,1,29,70,9,6.24,65.1,64.2,71.6,75.1,71.9,62.2,53.1
1102067,중구,황학동,43.5,43.2,43.7,170,0,108,15,9,16,1,29,70,9,6.24,65.1,64.2,71.6,75.1,71.9,62.2,53.1
1102068,중구,중림동,44.4,44.1,44.7,170,0,108,15,9,16,1,29,70,9,6.24,65.1,64.2,71.6,75.1,71.9,62.2,53.1
1102069,중구,신당동,46.9,47.3,46.5,170,0,108,15,9,16,1,29,70,9,6.24,65.1,64.2,71.6,75.1,71.9,62.2,53.1
1102070,중구,다산동,47.1,45.8,48.2,170,0,108,15,9,16,1,29,70,9,6.24,65.1,64.2,71.6,75.1,71.9,62.2,53.1
1102071,중구,약수동,48.6,47.2,49.9,170,0,108,15,9,16,1,29,70,9,6.24,65.1,64.2,71.6,75.1,71.9,62.2,53.1
1102072,중구,청구동,47.4,46.1,48.6,170,0,108,15,9,16,1,29,70,9,6.24,65.1,64.2,71.6,75.1,71.9,62.2,53.1
1102073,중구,동화동,46.5,45.5,47.5,170,0,108,15,9,16,1,29,70,9,6.24,65.1,64.2,71.6,75.1,71.9,62.2,53.1
1103051,용산구,후암동,45.5,44.0,46.9,122,2,151,8,3,6,5,14,107,4,6.31,61.9,58.0,69.9,67.4,62.9,57.6,51.5
1103052,용산구,용산2가동,47.5,45.8,49.1,122,2,151,8,3,6,5,14,107,4,6.31,61.9,58.0,69.9,67.4,62.9,57.6,51.5
1103053,용산구,남영동,50.6,52.1,48.2,122,2,151,8,3,6,5,14,107,4,6.31,61.9,58.0,69.9,67.4,62.9,57.6,51.5
1103057,용산구,원효로2동,44.6,44.3,44.8,122,2,151,8,3,6,5,14,107,4,6.31,61.9,58.0,69.9,67.4,62.9,57.6,51.5
1103058,용산구,효창동,42.8,41.9,43.6,122,2,151,8,3,6,5,14,107,4,6.31,61.9,58.0,69.9,67.4,62.9,57.6,51.5
1103059,용산구,용문동,45.5,44.4,46.5,122,2,151,8,3,6,5,14,107,4,6.31,61.9,58.0,69.9,67.4,62.9,57.6,51.5
1103063,용산구,이촌1동,43.6,42.3,44.7,122,2,151,8,3,6,5,14,107,4,6.31,61.9,58.0,69.9,67.4,62.9,57.6,51.5
1103064,용산구,이촌2동,47.5,46.0,48.7,122,2,151,8,3,6,5,14,107,4,6.31,61.9,58.0,69.9,67.4,62.9,57.6,51.5
1103065,용산구,이태원1동,47.6,45.8,49.5,122,2,151,8,3,6,5,14,107,4,6.31,61.9,58.0,69.9,67.4,62.9,57.6,51.5
1103066,용산구,이태원2동,46.5,44.8,48.0,122,2,151,8,3,6,5,14,107,4,6.31,61.9,58.0,69.9,67.4,62.9,57.6,51.5
1103069,용산구,서빙고동,44.4,43.3,45.4,122,2,151,8,3,6,5,14,107,4,6.31,61.9,58.0,69.9,67.4,62.9,57.6,51.5
1103070,용산구,보광동,48.7,46.0,51.3,122,2,151,8,3,6,5,14,107,4,6.31,61.9,58.0,69.9,67.4,62.9,57.6,51.5
1103071,용산구,청파동,44.5,44.5,44.5,122,2,151,8,3,6,5,14,107,4,6.31,61.9,58.0,69.9,67.4,62.9,57.6,51.5
1103072,용산구,원효로1동,40.7,40.7,40.7,122,2,151,8,3,6,5,14,107,4,6.31,61.9,58.0,69.9,67.4,62.9,57.6,51.5
1103073,용산구,한강로동,43.3,43.3,43.2,122,2,151,8,3,6,5,14,107,4,6.31,61.9,58.0,69.9,67.4,62.9,57.6,51.5
1103074,용산구,한남동,45.4,44.4,46.4,122,2,151,8,3,6,5,14,107,4,6.31,61.9,58.0,69.9,67.4,62.9,57.6,51.5
1104052,성동구,왕십리2동,44.0,43.3,44.7,150,0,294,13,2,3,2,10,100,7,6.41,66.9,56.9,67.0,69.3,66.5,62.8,51.2
1104054,성동구,마장동,44.8,43.9,45.6,150,0,294,13,2,3,2,10,100,7,6.41,66.9,56.9,67.0,69.3,66.5,62.8,51.2
1104055,성동구,사근동,38.4,37.3,39.6,150,0,294,13,2,3,2,10,100,7,6.41,66.9,56.9,67.0,69.3,66.5,62.8,51.2
1104056,성동구,행당1동,43.4,43.0,43.8,150,0,294,13,2,3,2,10,100,7,6.41,66.9,56.9,67.0,69.3,66.5,62.8,51.2
1104057,성동구,행당2동,44.5,43.9,45.1,150,0,294,13,2,3,2,10,100,7,6.41,66.9,56.9,67.0,69.3,66.5,62.8,51.2
1104058,성동구,응봉동,44.0,42.9,45.1,150,0,294,13,2,3,2,10,100,7,6.41,66.9,56.9,67.0,69.3,66.5,62.8,51.2
1104059,성동구,금호1가동,45.0,43.7,46.2,150,0,294,13,2,3,2,10,100,7,6.41,66.9,56.9,67.0,69.3,66.5,62.8,51.2
1104062,성동구,금호4가동,44.5,43.1,45.8,150,0,294,13,2,3,2,10,100,7,6.41,66.9,56.9,67.0,69.3,66.5,62.8,51.2
1104065,성동구,성수1가1동,44.4,43.8,45.0,150,0,294,13,2,3,2,10,100,7,6.41,66.9,56.9,67.0,69.3,66.5,62.8,51.2
1104066,성동구,성수1가2동,44.2,43.7,44.6,150,0,294,13,2,3,2,10,100,7,6.41,66.9,56.9,67.0,69.3,66.5,62.8,51.2
1104067,성동구,성수2가1동,47.3,46.8,47.9,150,0,294,13,2,3,2,10,100,7,6.41,66.9,56.9,67.0,69.3,66.5,62.8,51.2
1104068,성동구,성수2가3동,45.3,45.1,45.5,150,0,294,13,2,3,2,10,100,7,6.41,66.9,56.9,67.0,69.3,66.5,62.8,51.2
1104069,성동구,송정동,46.6,46.0,47.3,150,0,294,13,2,3,2,10,100,7,6.41,66.9,56.9,67.0,69.3,66.5,62.8,51.2
1104070,성동구,용답동,45.3,45.7,44.8,150,0,294,13,2,3,2,10,100,7,6.41,66.9,56.9,67.0,69.3,66.5,62.8,51.2
1104071,성동구,왕십리도선동,42.9,42.4,43.3,150,0,294,13,2,3,2,10,100,7,6.41,66.9,56.9,67.0,69.3,66.5,62.8,51.2
1104073,성동구,옥수동,43.7,42.8,44.5,150,0,294,13,2,3,2,10,100,7,6.41,66.9,56.9,67.0,69.3,66.5,62.8,51.2
1105053,광진구,화양동,37.3,38.1,36.6,176,0,441,9,6,3,0,14,68,7,5.58,70.2,65.9,69.0,75.6,66.7,54.8,48.6
1105054,광진구,군자동,43.7,43.0,44.3,176,0,441,9,6,3,0,14,68,7,5.58,70.2,65.9,69.0,75.6,66.7,54.8,48.6
1105055,광진구,중곡1동,44.6,44.6,44.7,176,0,441,9,6,3,0,14,68,7,5.58,70.2,65.9,69.0,75.6,66.7,54.8,48.6
1105056,광진구,중곡2동,44.8,44.2,45.3,176,0,441,9,6,3,0,14,68,7,5.58,70.2,65.9,69.0,75.6,66.7,54.8,48.6
1105057,광진구,중곡3동,46.2,45.4,47.0,176,0,441,9,6,3,0,14,68,7,5.58,70.2,65.9,69.0,75.6,66.7,54.8,48.6
1105058,광진구,중곡4동,47.0,45.9,48.0,176,0,441,9,6,3,0,14,68,7,5.58,70.2,65.9,69.0,75.6,66.7,54.8,48.6
1105059,광진구,능동,42.8,42.6,43.0,176,0,441,9,6,3,0,14,68,7,5.58,70.2,65.9,69.0,75.6,66.7,54.8,48.6
1105060,광진구,구의1동,43.1,42.7,43.5,176,0,441,9,6,3,0,14,68,7,5.58,70.2,65.9,69.0,75.6,66.7,54.8,48.6
1105061,광진구,구의2동,45.1,44.2,46.0,176,0,441,9,6,3,0,14,68,7,5.58,70.2,65.9,69.0,75.6,66.7,54.8,48.6
1105062,광진구,구의3동,43.6,43.2,44.0,176,0,441,9,6,3,0,14,68,7,5.58,70.2,65.9,69.0,75.6,66.7,54.8,48.6
1105063,광진구,광장동,40.7,40.0,41.2,176,0,441,9,6,3,0,14,68,7,5.58,70.2,65.9,69.0,75.6,66.7,54.8,48.6
1105064,광진구,자양1동,44.6,43.4,45.7,176,0,441,9,6,3,0,14,68,7,5.58,70.2,65.9,69.0,75.6,66.7,54.8,48.6
1105065,광진구,자양2동,45.1,44.3,45.8,176,0,441,9,6,3,0,14,68,7,5.58,70.2,65.9,69.0,75.6,66.7,54.8,48.6
1105066,광진구,자양3동,43.7,43.0,44.3,176,0,441,9,6,3,0,14,68,7,5.58,70.2,65.9,69.0,75.6,66.7,54.8,48.6
1105067,광진구,자양4동,46.3,45.7,46.9,176,0,441,9,6,3,0,14,68,7,5.58,70.2,65.9,69.0,75.6,66.7,54.8,48.6
1106071,동대문구,회기동,40.2,39.6,40.7,251,3,388,6,1,5,0,3,92,8,6.02,70.4,66.8,67.7,83.2,71.1,63.1,60.9
1106072,동대문구,휘경1동,41.7,41.9,41.5,251,3,388,6,1,5,0,3,92,8,6.02,70.4,66.8,67.7,83.2,71.1,63.1,60.9
1106073,동대문구,휘경2동,42.8,41.9,43.8,251,3,388,6,1,5,0,3,92,8,6.02,70.4,66.8,67.7,83.2,71.1,63.1,60.9
1106080,동대문구,청량리동,51.2,49.9,52.5,251,3,388,6,1,5,0,3,92,8,6.02,70.4,66.8,67.7,83.2,71.1,63.1,60.9
1106081,동대문구,용신동,43.8,43.8,43.9,251,3,388,6,1,5,0,3,92,8,6.02,70.4,66.8,67.7,83.2,71.1,63.1,60.9
1106082,동대문구,제기동,47.5,46.1,48.8,251,3,388,6,1,5,0,3,92,8,6.02,70.4,66.8,67.7,83.2,71.1,63.1,60.9
1106083,동대문구,전농1동,45.0,44.4,45.5,251,3,388,6,1,5,0,3,92,8,6.02,70.4,66.8,67.7,83.2,71.1,63.1,60.9
1106084,동대문구,전농2동,46.7,45.6,47.6,251,3,388,6,1,5,0,3,92,8,6.02,70.4,66.8,67.7,83.2,71.1,63.1,60.9
1106086,동대문구,답십리2동,46.6,45.7,47.6,251,3,388,6,1,5,0,3,92,8,6.02,70.4,66.8,67.7,83.2,71.1,63.1,60.9
1106087,동대문구,장안1동,45.0,44.4,45.6,251,3,388,6,1,5,0,3,92,8,6.02,70.4,66.8,67.7,83.2,71.1,63.1,60.9
1106088,동대문구,장안2동,43.5,42.5,44.4,251,3,388,6,1,5,0,3,92,8,6.02,70.4,66.8,67.7,83.2,71.1,63.1,60.9
1106089,동대문구,이문1동,43.0,42.3,43.5,251,3,388,6,1,5,0,3,92,8,6.02,70.4,66.8,67.7,83.2,71.1,63.1,60.9
1106090,동대문구,이문2동,46.1,45.3,46.9,251,3,388,6,1,5,0,3,92,8,6.02,70.4,66.8,67.7,83.2,71.1,63.1,60.9
1106091,동대문구,답십리1동,42.4,42.0,42.8,251,3,388,6,1,5,0,3,92,8,6.02,70.4,66.8,67.7,83.2,71.1,63.1,60.9
1107052,중랑구,면목2동,47.7,46.8,48.5,179,0,271,8,3,0,0,1,113,5,5.91,71.7,61.2,71.9,72.7,66.2,52.8,49.0
1107054,중랑구,면목4동,47.5,46.2,48.7,179,0,271,8,3,0,0,1,113,5,5.91,71.7,61.2,71.9,72.7,66.2,52.8,49.0
1107055,중랑구,면목5동,43.9,43.2,44.7,179,0,271,8,3,0,0,1,113,5,5.91,71.7,61.2,71.9,72.7,66.2,52.8,49.0
1107057,중랑구,면목7동,47.3,46.4,48.2,179,0,271,8,3,0,0,1,113,5,5.91,71.7,61.2,71.9,72.7,66.2,52.8,49.0
1107059,중랑구,상봉1동,45.0,43.9,46.0,179,0,271,8,3,0,0,1,113,5,5.91,71.7,61.2,71.9,72.7,66.2,52.8,49.0
1107060,중랑구,상봉2동,43.5,43.9,43.1,179,0,271,8,3,0,0,1,113,5,5.91,71.7,61.2,71.9,72.7,66.2,52.8,49.0
1107061,중랑구,중화1동,46.6,45.8,47.4,179,0,271,8,3,0,0,1,113,5,5.91,71.7,61.2,71.9,72.7,66.2,52.8,49.0
1107062,중랑구,중화2동,48.3,47.6,49.1,179,0,271,8,3,0,0,1,113,5,5.91,71.7,61.2,71.9,72.7,66.2,52.8,49.0
1107064,중랑구,묵1동,44.9,44.2,45.4,179,0,271,8,3,0,0,1,113,5,5.91,71.7,61.2,71.9,72.7,66.2,52.8,49.0
1107065,중랑구,묵2동,47.0,46.2,47.9,179,0,271,8,3,0,0,1,113,5,5.91,71.7,61.2,71.9,72.7,66.2,52.8,49.0
1107068,중랑구,망우3동,48.8,48.3,49.4,179,0,271,8,3,0,0,1,113,5,5.91,71.7,61.2,71.9,72.7,66.2,52.8,49.0
1107069,중랑구,신내1동,45.3,44.1,46.5,179,0,271,8,3,0,0,1,113,5,5.91,71.7,61.2,71.9,72.7,66.2,52.8,49.0
1107070,중랑구,신내2동,47.3,46.0,48.6,179,0,271,8,3,0,0,1,113,5,5.91,71.7,61.2,71.9,72.7,66.2,52.8,49.0
1107071,중랑구,면목본동,46.8,45.9,47.7,179,0,271,8,3,0,0,1,113,5,5.91,71.7,61.2,71.9,72.7,66.2,52.8,49.0
1107073,중랑구,망우본동,45.3,44.9,45.7,179,0,271,8,3,0,0,1,113,5,5.91,71.7,61.2,71.9,72.7,66.2,52.8,49.0
1108058,성북구,돈암1동,46.8,45.8,47.7,194,5,469,11,2,11,1,13,122,13,5.93,65.1,55.5,65.1,65.6,54.5,55.3,50.6
1108059,성북구,돈암2동,43.5,42.4,44.4,194,5,469,11,2,11,1,13,122,13,5.93,65.1,55.5,65.1,65.6,54.5,55.3,50.6
1108060,성북구,안암동,40.4,39.1,41.7,194,5,469,11,2,11,1,13,122,13,5.93,65.1,55.5,65.1,65.6,54.5,55.3,50.6
1108061,성북구,보문동,43.6,42.9,44.3,194,5,469,11,2,11,1,13,122,13,5.93,65.1,55.5,65.1,65.6,54.5,55.3,50.6
1108062,성북구,정릉1동,44.1,42.8,45.3,194,5,469,11,2,11,1,13,122,13,5.93,65.1,55.5,65.1,65.6,54.5,55.3,50.6
1108063,성북구,정릉2동,46.2,44.9,47.3,194,5,469,11,2,11,1,13,122,13,5.93,65.1,55.5,65.1,65.6,54.5,55.3,50.6
1108064,성북구,정릉3동,46.0,43.6,48.4,194,5,469,11,2,11,1,13,122,13,5.93,65.1,55.5,65.1,65.6,54.5,55.3,50.6
1108065,성북구,정릉4동,46.4,45.1,47.6,194,5,469,11,2,11,1,13,122,13,5.93,65.1,55.5,65.1,65.6,54.5,55.3,50.6
1108066,성북구,길음1동,41.1,40.2,41.9,194,5,469,11,2,11,1,13,122,13,5.93,65.1,55.5,65.1,65.6,54.5,55.3,50.6
1108068,성북구,길음2동,42.0,41.2,42.8,194,5,469,11,2,11,1,13,122,13,5.93,65.1,55.5,65.1,65.6,54.5,55.3,50.6
1108071,성북구,월곡1동,45.1,44.4,45.8,194,5,469,11,2,11,1,13,122,13,5.93,65.1,55.5,65.1,65.6,54.5,55.3,50.6
1108072,성북구,월곡2동,45.1,44.9,45.3,194,5,469,11,2,11,1,13,122,13,5.93,65.1,55.5,65.1,65.6,54.5,55.3,50.6
1108076,성북구,장위1동,45.1,44.2,46.0,194,5,469,11,2,11,1,13,122,13,5.93,65.1,55.5,65.1,65.6,54.5,55.3,50.6
1108077,성북구,장위2동,48.4,47.1,49.6,194,5,469,11,2,11,1,13,122,13,5.93,65.1,55.5,65.1,65.6,54.5,55.3,50.6
1108078,성북구,장위3동,41.9,41.3,42.4,194,5,469,11,2,11,1,13,122,13,5.93,65.1,55.5,65.1,65.6,54.5,55.3,50.6
1108081,성북구,성북동,45.7,44.9,46.4,194,5,469,11,2,11,1,13,122,13,5.93,65.1,55.5,65.1,65.6,54.5,55.3,50.6
1108082,성북구,삼선동,44.7,44.0,45.4,194,5,469,11,2,11,1,13,122,13,5.93,65.1,55.5,65.1,65.6,54.5,55.3,50.6
1108083,성북구,동선동,41.0,42.9,39.7,194,5,469,11,2,11,1,13,122,13,5.93,65.1,55.5,65.1,65.6,54.5,55.3,50.6
1108084,성북구,종암동,44.8,43.2,46.4,194,5,469,11,2,11,1,13,122,13,5.93,65.1,55.5,65.1,65.6,54.5,55.3,50.6
1108085,성북구,석관동,47.2,46.3,48.1,194,5,469,11,2,11,1,13,122,13,5.93,65.1,55.5,65.1,65.6,54.5,55.3,50.6
1109060,강북구,번1동,47.4,46.7,48.0,165,2,217,9,3,3,0,6,87,7,6.13,69.2,68.2,71.8,70.9,60.5,65.1,51.1
1109061,강북구,번2동,50.5,48.4,52.3,165,2,217,9,3,3,0,6,87,7,6.13,69.2,68.2,71.8,70.9,60.5,65.1,51.1
1109062,강북구,번3동,50.7,48.5,52.6,165,2,217,9,3,3,0,6,87,7,6.13,69.2,68.2,71.8,70.9,60.5,65.1,51.1
1109063,강북구,수유1동,48.0,47.0,48.9,165,2,217,9,3,3,0,6,87,7,6.13,69.2,68.2,71.8,70.9,60.5,65.1,51.1
1109064,강북구,수유2동,49.2,47.7,50.5,165,2,217,9,3,3,0,6,87,7,6.13,69.2,68.2,71.8,70.9,60.5,65.1,51.1
1109065,강북구,수유3동,47.3,46.6,47.9,165,2,217,9,3,3,0,6,87,7,6.13,69.2,68.2,71.8,70.9,60.5,65.1,51.1
1109069,강북구,삼양동,47.8,46.5,49.1,165,2,217,9,3,3,0,6,87,7,6.13,69.2,68.2,71.8,70.9,60.5,65.1,51.1
1109070,강북구,미아동,47.9,47.1,48.5,165,2,217,9,3,3,0,6,87,7,6.13,69.2,68.2,71.8,70.9,60.5,65.1,51.1
1109071,강북구,송중동,47.2,46.4,47.9,165,2,217,9,3,3,0,6,87,7,6.13,69.2,68.2,71.8,70.9,60.5,65.1,51.1
1109072,강북구,송천동,50.1,49.0,51.1,165,2,217,9,3,3,0,6,87,7,6.13,69.2,68.2,71.8,70.9,60.5,65.1,51.1
1109073,강북구,삼각산동,42.9,41.6,44.0,165,2,217,9,3,3,0,6,87,7,6.13,69.2,68.2,71.8,70.9,60.5,65.1,51.1
1109074,강북구,우이동,49.1,47.9,50.2,165,2,217,9,3,3,0,6,87,7,6.13,69.2,68.2,71.8,70.9,60.5,65.1,51.1
1109075,강북구,인수동,49.0,47.7,50.1,165,2,217,9,3,3,0,6,87,7,6.13,69.2,68.2,71.8,70.9,60.5,65.1,51.1
1110051,도봉구,쌍문1동,48.0,47.2,48.7,119,0,299,11,2,2,0,5,80,9,6.48,74.9,71.0,69.5,75.6,74.5,65.7,59.0
1110052,도봉구,쌍문2동,48.1,46.3,49.8,119,0,299,11,2,2,0,5,80,9,6.48,74.9,71.0,69.5,75.6,74.5,65.7,59.0
1110053,도봉구,쌍문3동,47.3,46.4,48.1,119,0,299,11,2,2,0,5,80,9,6.48,74.9,71.0,69.5,75.6,74.5,65.7,59.0
1110054,도봉구,쌍문4동,45.4,44.0,46.7,119,0,299,11,2,2,0,5,80,9,6.48,74.9,71.0,69.5,75.6,74.5,65.7,59.0
1110055,도봉구,방학1동,47.8,47.2,48.5,119,0,299,11,2,2,0,5,80,9,6.48,74.9,71.0,69.5,75.6,74.5,65.7,59.0
1110056,도봉구,방학2동,49.6,48.3,51.0,119,0,299,11,2,2,0,5,80,9,6.48,74.9,71.0,69.5,75.6,74.5,65.7,59.0
1110057,도봉구,방학3동,46.5,44.6,48.3,119,0,299,11,2,2,0,5,80,9,6.48,74.9,71.0,69.5,75.6,74.5,65.7,59.0
1110059,도봉구,창1동,46.5,45.1,47.7,119,0,299,11,2,2,0,5,80,9,6.48,74.9,71.0,69.5,75.6,74.5,65.7,59.0
1110060,도봉구,창2동,46.3,45.3,47.3,119,0,299,11,2,2,0,5,80,9,6.48,74.9,71.0,69.5,75.6,74.5,65.7,59.0
1110061,도봉구,창3동,48.7,47.3,50.2,119,0,299,11,2,2,0,5,80,9,6.48,74.9,71.0,69.5,75.6,74.5,65.7,59.0
1110062,도봉구,창4동,45.1,44.1,46.0,119,0,299,11,2,2,0,5,80,9,6.48,74.9,71.0,69.5,75.6,74.5,65.7,59.0
1110063,도봉구,창5동,46.2,45.2,47.0,119,0,299,11,2,2,0,5,80,9,6.48,74.9,71.0,69.5,75.6,74.5,65.7,59.0
1110064,도봉구,도봉1동,51.9,50.8,53.0,119,0,299,11,2,2,0,5,80,9,6.48,74.9,71.0,69.5,75.6,74.5,65.7,59.0
1110065,도봉구,도봉2동,49.2,48.0,50.3,119,0,299,11,2,2,0,5,80,9,6.48,74.9,71.0,69.5,75.6,74.5,65.7,59.0
1111051,노원구,월계1동,45.8,44.2,47.5,230,1,726,16,5,3,2,5,187,9,5.85,72.2,70.5,72.1,75.0,71.2,63.1,53.8
1111052,노원구,월계2동,48.0,46.3,49.5,230,1,726,16,5,3,2,5,187,9,5.85,72.2,70.5,72.1,75.0,71.2,63.1,53.8
1111053,노원구,월계3동,46.8,45.2,48.3,230,1,726,16,5,3,2,5,187,9,5.85,72.2,70.5,72.1,75.0,71.2,63.1,53.8
1111056,노원구,공릉2동,41.7,40.8,42.4,230,1,726,16,5,3,2,5,187,9,5.85,72.2,70.5,72.1,75.0,71.2,63.1,53.8
1111058,노원구,하계1동,44.8,42.5,46.9,230,1,726,16,5,3,2,5,187,9,5.85,72.2,70.5,72.1,75.0,71.2,63.1,53.8
1111059,노원구,하계2동,43.9,42.3,45.4,230,1,726,16,5,3,2,5,187,9,5.85,72.2,70.5,72.1,75.0,71.2,63.1,53.8
1111060,노원구,중계본동,41.1,40.3,41.8,230,1,726,16,5,3,2,5,187,9,5.85,72.2,70.5,72.1,75.0,71.2,63.1,53.8
1111061,노원구,중계1동,39.5,38.2,40.7,230,1,726,16,5,3,2,5,187,9,5.85,72.2,70.5,72.1,75.0,71.2,63.1,53.8
1111064,노원구,중계4동,46.9,45.0,48.6,230,1,726,16,5,3,2,5,187,9,5.85,72.2,70.5,72.1,75.0,71.2,63.1,53.8
1111065,노원구,상계1동,46.8,45.8,47.7,230,1,726,16,5,3,2,5,187,9,5.85,72.2,70.5,72.1,75.0,71.2,63.1,53.8
1111066,노원구,상계2동,46.3,45.6,47.1,230,1,726,16,5,3,2,5,187,9,5.85,72.2,70.5,72.1,75.0,71.2,63.1,53.8
1111069,노원구,상계5동,48.4,46.9,49.9,230,1,726,16,5,3,2,5,187,9,5.85,72.2,70.5,72.1,75.0,71.2,63.1,53.8
1111072,노원구,상계8동,41.4,40.1,42.6,230,1,726,16,5,3,2,5,187,9,5.85,72.2,70.5,72.1,75.0,71.2,63.1,53.8
1111073,노원구,상계9동,45.4,43.6,47.0,230,1,726,16,5,3,2,5,187,9,5.85,72.2,70.5,72.1,75.0,71.2,63.1,53.8
1111074,노원구,상계10동,43.7,42.4,44.8,230,1,726,16,5,3,2,5,187,9,5.85,72.2,70.5,72.1,75.0,71.2,63.1,53.8
1111079,노원구,공릉1동,45.0,44.1,45.9,230,1,726,16,5,3,2,5,187,9,5.85,72.2,70.5,72.1,75.0,71.2,63.1,53.8
1112051,은평구,녹번동,46.1,45.2,47.0,224,3,525,10,2,2,0,1,136,8,6.53,71.0,69.1,66.8,80.0,69.1,57.7,50.5
1112052,은평구,불광1동,47.2,45.9,48.4,224,3,525,10,2,2,0,1,136,8,6.53,71.0,69.1,66.8,80.0,69.1,57.7,50.5
1112055,은평구,갈현1동,47.2,45.7,48.5,224,3,525,10,2,2,0,1,136,8,6.53,71.0,69.1,66.8,80.0,69.1,57.7,50.5
1112056,은평구,갈현2동,46.0,45.0,47.0,224,3,525,10,2,2,0,1,136,8,6.53,71.0,69.1,66.8,80.0,69.1,57.7,50.5
1112057,은평구,구산동,46.6,46.2,47.0,224,3,525,10,2,2,0,1,136,8,6.53,71.0,69.1,66.8,80.0,69.1,57.7,50.5
1112058,은평구,대조동,45.3,45.0,45.5,224,3,525,10,2,2,0,1,136,8,6.53,71.0,69.1,66.8,80.0,69.1,57.7,50.5
1112059,은평구,응암1동,43.6,42.6,44.4,224,3,525,10,2,2,0,1,136,8,6.53,71.0,69.1,66.8,80.0,69.1,57.7,50.5
1112060,은평구,응암2동,41.8,40.8,42.8,224,3,525,10,2,2,0,1,136,8,6.53,71.0,69.1,66.8,80.0,69.1,57.7,50.5
1112065,은평구,신사1동,46.4,45.2,47.5,224,3,525,10,2,2,0,1,136,8,6.53,71.0,69.1,66.8,80.0,69.1,57.7,50.5
1112066,은평구,신사2동,46.8,45.3,48.2,224,3,525,10,2,2,0,1,136,8,6.53,71.0,69.1,66.8,80.0,69.1,57.7,50.5
1112067,은평구,증산동,45.5,44.7,46.3,224,3,525,10,2,2,0,1,136,8,6.53,71.0,69.1,66.8,80.0,69.1,57.7,50.5
1112068,은평구,수색동,42.6,41.6,43.5,224,3,525,10,2,2,0,1,136,8,6.53,71.0,69.1,66.8,80.0,69.1,57.7,50.5
1112071,은평구,진관동,42.9,42.2,43.5,224,3,525,10,2,2,0,1,136,8,6.53,71.0,69.1,66.8,80.0,69.1,57.7,50.5
1112072,은평구,불광2동,48.4,47.3,49.5,224,3,525,10,2,2,0,1,136,8,6.53,71.0,69.1,66.8,80.0,69.1,57.7,50.5
1112073,은평구,응암3동,48.9,47.4,50.3,224,3,525,10,2,2,0,1,136,8,6.53,71.0,69.1,66.8,80.0,69.1,57.7,50.5
1112074,은평구,역촌동,46.6,45.5,47.6,224,3,525,10,2,2,0,1,136,8,6.53,71.0,69.1,66.8,80.0,69.1,57.7,50.5
1113052,서대문구,천연동,46.0,44.8,47.1,151,5,355,9,5,7,0,9,124,4,6.29,68.7,65.3,68.7,75.2,64.9,55.7,53.0
1113062,서대문구,홍제1동,45.7,44.8,46.6,151,5,355,9,5,7,0,9,124,4,6.29,68.7,65.3,68.7,75.2,64.9,55.7,53.0
1113064,서대문구,홍제3동,47.1,45.7,48.4,151,5,355,9,5,7,0,9,124,4,6.29,68.7,65.3,68.7,75.2,64.9,55.7,53.0
1113065,서대문구,홍제2동,47.3,45.9,48.6,151,5,355,9,5,7,0,9,124,4,6.29,68.7,65.3,68.7,75.2,64.9,55.7,53.0
1113066,서대문구,홍은1동,46.8,45.6,48.0,151,5,355,9,5,7,0,9,124,4,6.29,68.7,65.3,68.7,75.2,64.9,55.7,53.0
1113068,서대문구,홍은2동,45.3,44.1,46.5,151,5,355,9,5,7,0,9,124,4,6.29,68.7,65.3,68.7,75.2,64.9,55.7,53.0
1113069,서대문구,남가좌1동,40.4,39.7,41.0,151,5,355,9,5,7,0,9,124,4,6.29,68.7,65.3,68.7,75.2,64.9,55.7,53.0
1113070,서대문구,남가좌2동,43.2,42.2,44.1,151,5,355,9,5,7,0,9,124,4,6.29,68.7,65.3,68.7,75.2,64.9,55.7,53.0
1113071,서대문구,북가좌1동,44.3,43.1,45.3,151,5,355,9,5,7,0,9,124,4,6.29,68.7,65.3,68.7,75.2,64.9,55.7,53.0
1113072,서대문구,북가좌2동,47.1,45.8,48.4,151,5,355,9,5,7,0,9,124,4,6.29,68.7,65.3,68.7,75.2,64.9,55.7,53.0
1113073,서대문구,충현동,44.6,44.1,45.1,151,5,355,9,5,7,0,9,124,4,6.29,68.7,65.3,68.7,75.2,64.9,55.7,53.0
1113074,서대문구,북아현동,42.9,42.1,43.6,151,5,355,9,5,7,0,9,124,4,6.29,68.7,65.3,68.7,75.2,64.9,55.7,53.0
1113075,서대문구,신촌동,37.4,38.4,36.6,151,5,355,9,5,7,0,9,124,4,6.29,68.7,65.3,68.7,75.2,64.9,55.7,53.0
1113076,서대문구,연희동,43.8,42.6,44.8,151,5,355,9,5,7,0,9,124,4,6.29,68.7,65.3,68.7,75.2,64.9,55.7,53.0
1114059,마포구,용강동,41.9,41.3,42.5,195,6,699,11,8,5,0,38,144,6,6.0,73.3,65.5,80.8,78.0,70.4,61.6,53.2
1114060,마포구,대흥동,41.6,41.3,41.9,195,6,699,11,8,5,0,38,144,6,6.0,73.3,65.5,80.8,78.0,70.4,61.6,53.2
1114061,마포구,염리동,40.8,40.2,41.4,195,6,699,11,8,5,0,38,144,6,6.0,73.3,65.5,80.8,78.0,70.4,61.6,53.2
1114063,마포구,신수동,43.0,42.0,44.0,195,6,699,11,8,5,0,38,144,6,6.0,73.3,65.5,80.8,78.0,70.4,61.6,53.2
1114066,마포구,서교동,42.0,41.9,42.2,195,6,699,11,8,5,0,38,144,6,6.0,73.3,65.5,80.8,78.0,70.4,61.6,53.2
1114068,마포구,합정동,43.7,43.2,44.1,195,6,699,11,8,5,0,38,144,6,6.0,73.3,65.5,80.8,78.0,70.4,61.6,53.2
1114069,마포구,망원1동,44.8,43.9,45.6,195,6,699,11,8,5,0,38,144,6,6.0,73.3,65.5,80.8,78.0,70.4,61.6,53.2
1114070,마포구,망원2동,44.7,43.9,45.5,195,6,699,11,8,5,0,38,144,6,6.0,73.3,65.5,80.8,78.0,70.4,61.6,53.2
1114071,마포구,연남동,43.7,42.9,44.4,195,6,699,11,8,5,0,38,144,6,6.0,73.3,65.5,80.8,78.0,70.4,61.6,53.2
1114072,마포구,성산1동,44.2,43.5,44.8,195,6,699,11,8,5,0,38,144,6,6.0,73.3,65.5,80.8,78.0,70.4,61.6,53.2
1114073,마포구,성산2동,43.5,43.0,43.9,195,6,699,11,8,5,0,38,144,6,6.0,73.3,65.5,80.8,78.0,70.4,61.6,53.2
1114074,마포구,상암동,41.9,41.1,42.5,195,6,699,11,8,5,0,38,144,6,6.0,73.3,65.5,80.8,78.0,70.4,61.6,53.2
1114075,마포구,도화동,44.9,43.7,46.0,195,6,699,11,8,5,0,38,144,6,6.0,73.3,65.5,80.8,78.0,70.4,61.6,53.2
1114076,마포구,서강동,41.7,40.9,42.5,195,6,699,11,8,5,0,38,144,6,6.0,73.3,65.5,80.8,78.0,70.4,61.6,53.2
1114077,마포구,공덕동,44.5,43.9,45.0,195,6,699,11,8,5,0,38,144,6,6.0,73.3,65.5,80.8,78.0,70.4,61.6,53.2
1114078,마포구,아현동,40.9,40.6,41.2,195,6,699,11,8,5,0,38,144,6,6.0,73.3,65.5,80.8,78.0,70.4,61.6,53.2
1115051,양천구,목1동,40.1,39.8,40.4,183,0,1038,13,2,0,0,5,123,10,5.51,55.9,59.2,71.9,79.1,65.6,55.0,47.7
1115052,양천구,목2동,43.8,42.8,44.6,183,0,1038,13,2,0,0,5,123,10,5.51,55.9,59.2,71.9,79.1,65.6,55.0,47.7
1115053,양천구,목3동,44.7,43.6,45.8,183,0,1038,13,2,0,0,5,123,10,5.51,55.9,59.2,71.9,79.1,65.6,55.0,47.7
1115054,양천구,목4동,43.1,42.0,44.2,183,0,1038,13,2,0,0,5,123,10,5.51,55.9,59.2,71.9,79.1,65.6,55.0,47.7
1115057,양천구,신월1동,48.8,47.9,49.6,183,0,1038,13,2,0,0,5,123,10,5.51,55.9,59.2,71.9,79.1,65.6,55.0,47.7
1115058,양천구,신월2동,45.6,44.6,46.5,183,0,1038,13,2,0,0,5,123,10,5.51,55.9,59.2,71.9,79.1,65.6,55.0,47.7
1115059,양천구,신월3동,47.8,46.9,48.8,183,0,1038,13,2,0,0,5,123,10,5.51,55.9,59.2,71.9,79.1,65.6,55.0,47.7
1115060,양천구,신월4동,45.7,44.4,46.9,183,0,1038,13,2,0,0,5,123,10,5.51,55.9,59.2,71.9,79.1,65.6,55.0,47.7
1115061,양천구,신월5동,45.7,44.5,46.8,183,0,1038,13,2,0,0,5,123,10,5.51,55.9,59.2,71.9,79.1,65.6,55.0,47.7
1115062,양천구,신월6동,41.8,41.0,42.5,183,0,1038,13,2,0,0,5,123,10,5.51,55.9,59.2,71.9,79.1,65.6,55.0,47.7
1115063,양천구,신월7동,48.8,47.1,50.4,183,0,1038,13,2,0,0,5,123,10,5.51,55.9,59.2,71.9,79.1,65.6,55.0,47.7
1115064,양천구,신정1동,41.8,40.9,42.6,183,0,1038,13,2,0,0,5,123,10,5.51,55.9,59.2,71.9,79.1,65.6,55.0,47.7
1115065,양천구,신정2동,42.7,42.0,43.4,183,0,1038,13,2,0,0,5,123,10,5.51,55.9,59.2,71.9,79.1,65.6,55.0,47.7
1115066,양천구,신정3동,43.8,42.7,44.8,183,0,1038,13,2,0,0,5,123,10,5.51,55.9,59.2,71.9,79.1,65.6,55.0,47.7
1115069,양천구,신정6동,41.3,40.7,41.8,183,0,1038,13,2,0,0,5,123,10,5.51,55.9,59.2,71.9,79.1,65.6,55.0,47.7
1115070,양천구,신정7동,45.2,43.7,46.7,183,0,1038,13,2,0,0,5,123,10,5.51,55.9,59.2,71.9,79.1,65.6,55.0,47.7
1115071,양천구,목5동,40.4,39.5,41.4,183,0,1038,13,2,0,0,5,123,10,5.51,55.9,59.2,71.9,79.1,65.6,55.0,47.7
1115072,양천구,신정4동,46.0,45.2,46.8,183,0,1038,13,2,0,0,5,123,10,5.51,55.9,59.2,71.9,79.1,65.6,55.0,47.7
1116051,강서구,염창동,40.1,39.8,40.5,268,3,708,19,6,3,1,4,173,9,6.52,70.7,71.7,79.7,87.3,77.6,66.7,58.8
1116052,강서구,등촌1동,41.4,41.0,41.7,268,3,708,19,6,3,1,4,173,9,6.52,70.7,71.7,79.7,87.3,77.6,66.7,58.8
1116053,강서구,등촌2동,44.6,43.4,45.8,268,3,708,19,6,3,1,4,173,9,6.52,70.7,71.7,79.7,87.3,77.6,66.7,58.8
1116054,강서구,등촌3동,48.6,46.9,50.0,268,3,708,19,6,3,1,4,173,9,6.52,70.7,71.7,79.7,87.3,77.6,66.7,58.8
1116055,강서구,화곡본동,43.6,42.5,44.6,268,3,708,19,6,3,1,4,173,9,6.52,70.7,71.7,79.7,87.3,77.6,66.7,58.8
1116057,강서구,화곡2동,44.9,43.7,46.0,268,3,708,19,6,3,1,4,173,9,6.52,70.7,71.7,79.7,87.3,77.6,66.7,58.8
1116058,강서구,화곡3동,45.7,45.0,46.5,268,3,708,19,6,3,1,4,173,9,6.52,70.7,71.7,79.7,87.3,77.6,66.7,58.8
1116059,강서구,화곡4동,46.9,45.4,48.3,268,3,708,19,6,3,1,4,173,9,6.52,70.7,71.7,79.7,87.3,77.6,66.7,58.8
1116061,강서구,화곡6동,43.6,43.1,44.1,268,3,708,19,6,3,1,4,173,9,6.52,70.7,71.7,79.7,87.3,77.6,66.7,58.8
1116063,강서구,화곡8동,45.8,44.7,46.9,268,3,708,19,6,3,1,4,173,9,6.52,70.7,71.7,79.7,87.3,77.6,66.7,58.8
1116064,강서구,가양1동,40.0,40.8,39.3,268,3,708,19,6,3,1,4,173,9,6.52,70.7,71.7,79.7,87.3,77.6,66.7,58.8
1116065,강서구,가양2동,52.6,51.4,53.6,268,3,708,19,6,3,1,4,173,9,6.52,70.7,71.7,79.7,87.3,77.6,66.7,58.8
1116066,강서구,가양3동,49.7,48.0,51.2,268,3,708,19,6,3,1,4,173,9,6.52,70.7,71.7,79.7,87.3,77.6,66.7,58.8
1116067,강서구,발산1동,42.2,41.2,43.2,268,3,708,19,6,3,1,4,173,9,6.52,70.7,71.7,79.7,87.3,77.6,66.7,58.8
1116069,강서구,공항동,41.8,41.2,42.6,268,3,708,19,6,3,1,4,173,9,6.52,70.7,71.7,79.7,87.3,77.6,66.7,58.8
1116070,강서구,방화1동,43.4,42.8,44.0,268,3,708,19,6,3,1,4,173,9,6.52,70.7,71.7,79.7,87.3,77.6,66.7,58.8
1116071,강서구,방화2동,47.1,45.8,48.4,268,3,708,19,6,3,1,4,173,9,6.52,70.7,71.7,79.7,87.3,77.6,66.7,58.8
1116072,강서구,방화3동,48.8,47.2,50.3,268,3,708,19,6,3,1,4,173,9,6.52,70.7,71.7,79.7,87.3,77.6,66.7,58.8
1116073,강서구,화곡1동,44.6,44.0,45.1,268,3,708,19,6,3,1,4,173,9,6.52,70.7,71.7,79.7,87.3,77.6,66.7,58.8
1116074,강서구,우장산동,41.9,41.7,42.1,268,3,708,19,6,3,1,4,173,9,6.52,70.7,71.7,79.7,87.3,77.6,66.7,58.8
1117051,구로구,신도림동,41.6,41.3,41.8,194,6,397,12,3,2,0,7,116,12,5.9,67.3,73.2,70.3,73.0,71.3,64.4,55.1
1117052,구로구,구로1동,42.0,41.3,42.7,194,6,397,12,3,2,0,7,116,12,5.9,67.3,73.2,70.3,73.0,71.3,64.4,55.1
1117054,구로구,구로3동,43.1,42.3,44.0,194,6,397,12,3,2,0,7,116,12,5.9,67.3,73.2,70.3,73.0,71.3,64.4,55.1
1117055,구로구,구로4동,49.1,48.0,50.2,194,6,397,12,3,2,0,7,116,12,5.9,67.3,73.2,70.3,73.0,71.3,64.4,55.1
1117056,구로구,구로5동,44.2,44.0,44.4,194,6,397,12,3,2,0,7,116,12,5.9,67.3,73.2,70.3,73.0,71.3,64.4,55.1
1117061,구로구,고척1동,44.0,43.2,44.8,194,6,397,12,3,2,0,7,116,12,5.9,67.3,73.2,70.3,73.0,71.3,64.4,55.1
1117062,구로구,고척2동,47.1,46.2,48.0,194,6,397,12,3,2,0,7,116,12,5.9,67.3,73.2,70.3,73.0,71.3,64.4,55.1
1117064,구로구,개봉2동,47.3,46.5,48.1,194,6,397,12,3,2,0,7,116,12,5.9,67.3,73.2,70.3,73.0,71.3,64.4,55.1
1117065,구로구,개봉3동,48.2,47.0,49.3,194,6,397,12,3,2,0,7,116,12,5.9,67.3,73.2,70.3,73.0,71.3,64.4,55.1
1117067,구로구,오류1동,44.5,44.5,44.6,194,6,397,12,3,2,0,7,116,12,5.9,67.3,73.2,70.3,73.0,71.3,64.4,55.1
1117068,구로구,오류2동,45.2,44.0,46.3,194,6,397,12,3,2,0,7,116,12,5.9,67.3,73.2,70.3,73.0,71.3,64.4,55.1
1117069,구로구,수궁동,46.7,45.4,48.0,194,6,397,12,3,2,0,7,116,12,5.9,67.3,73.2,70.3,73.0,71.3,64.4,55.1
1117070,구로구,가리봉동,48.4,47.4,49.6,194,6,397,12,3,2,0,7,116,12,5.9,67.3,73.2,70.3,73.0,71.3,64.4,55.1
1117071,구로구,구로2동,50.1,49.0,51.3,194,6,397,12,3,2,0,7,116,12,5.9,67.3,73.2,70.3,73.0,71.3,64.4,55.1
1117072,구로구,개봉1동,46.2,45.4,47.0,194,6,397,12,3,2,0,7,116,12,5.9,67.3,73.2,70.3,73.0,71.3,64.4,55.1
1118051,금천구,가산동,40.7,41.2,40.1,129,2,219,8,2,0,0,5,55,4,5.88,63.6,64.0,62.6,68.8,65.5,55.3,49.2
1118052,금천구,독산1동,41.9,41.6,42.1,129,2,219,8,2,0,0,5,55,4,5.88,63.6,64.0,62.6,68.8,65.5,55.3,49.2
1118053,금천구,독산2동,47.7,46.7,48.7,129,2,219,8,2,0,0,5,55,4,5.88,63.6,64.0,62.6,68.8,65.5,55.3,49.2
1118054,금천구,독산3동,47.6,46.8,48.3,129,2,219,8,2,0,0,5,55,4,5.88,63.6,64.0,62.6,68.8,65.5,55.3,49.2
1118055,금천구,독산4동,48.3,47.6,48.9,129,2,219,8,2,0,0,5,55,4,5.88,63.6,64.0,62.6,68.8,65.5,55.3,49.2
1118057,금천구,시흥1동,46.7,45.7,47.8,129,2,219,8,2,0,0,5,55,4,5.88,63.6,64.0,62.6,68.8,65.5,55.3,49.2
1118058,금천구,시흥2동,46.6,45.6,47.4,129,2,219,8,2,0,0,5,55,4,5.88,63.6,64.0,62.6,68.8,65.5,55.3,49.2
1118059,금천구,시흥3동,49.0,47.9,50.0,129,2,219,8,2,0,0,5,55,4,5.88,63.6,64.0,62.6,68.8,65.5,55.3,49.2
1118060,금천구,시흥4동,48.5,47.7,49.3,129,2,219,8,2,0,0,5,55,4,5.88,63.6,64.0,62.6,68.8,65.5,55.3,49.2
1118061,금천구,시흥5동,49.3,47.9,50.8,129,2,219,8,2,0,0,5,55,4,5.88,63.6,64.0,62.6,68.8,65.5,55.3,49.2
1119054,영등포구,여의동,44.8,44.2,45.3,263,2,470,10,3,2,1,8,108,5,6.03,59.4,64.2,71.5,70.7,60.5,55.1,46.8
1119055,영등포구,당산1동,43.5,43.4,43.7,263,2,470,10,3,2,1,8,108,5,6.03,59.4,64.2,71.5,70.7,60.5,55.1,46.8
1119056,영등포구,당산2동,40.9,41.0,40.9,263,2,470,10,3,2,1,8,108,5,6.03,59.4,64.2,71.5,70.7,60.5,55.1,46.8
1119061,영등포구,양평1동,41.2,41.0,41.5,263,2,470,10,3,2,1,8,108,5,6.03,59.4,64.2,71.5,70.7,60.5,55.1,46.8
1119062,영등포구,양평2동,40.9,40.7,41.0,263,2,470,10,3,2,1,8,108,5,6.03,59.4,64.2,71.5,70.7,60.5,55.1,46.8
1119063,영등포구,신길1동,45.2,44.4,46.0,263,2,470,10,3,2,1,8,108,5,6.03,59.4,64.2,71.5,70.7,60.5,55.1,46.8
1119065,영등포구,신길3동,46.0,45.1,46.9,263,2,470,10,3,2,1,8,108,5,6.03,59.4,64.2,71.5,70.7,60.5,55.1,46.8
1119066,영등포구,신길4동,46.0,44.8,47.3,263,2,470,10,3,2,1,8,108,5,6.03,59.4,64.2,71.5,70.7,60.5,55.1,46.8
1119067,영등포구,신길5동,46.3,45.2,47.3,263,2,470,10,3,2,1,8,108,5,6.03,59.4,64.2,71.5,70.7,60.5,55.1,46.8
1119068,영등포구,신길6동,45.0,44.0,45.9,263,2,470,10,3,2,1,8,108,5,6.03,59.4,64.2,71.5,70.7,60.5,55.1,46.8
1119069,영등포구,신길7동,41.2,40.3,42.0,263,2,470,10,3,2,1,8,108,5,6.03,59.4,64.2,71.5,70.7,60.5,55.1,46.8
1119070,영등포구,대림1동,47.9,46.4,49.4,263,2,470,10,3,2,1,8,108,5,6.03,59.4,64.2,71.5,70.7,60.5,55.1,46.8
1119071,영등포구,대림2동,48.6,47.4,49.7,263,2,470,10,3,2,1,8,108,5,6.03,59.4,64.2,71.5,70.7,60.5,55.1,46.8
1119072,영등포구,대림3동,47.8,46.9,48.8,263,2,470,10,3,2,1,8,108,5,6.03,59.4,64.2,71.5,70.7,60.5,55.1,46.8
1119073,영등포구,영등포본동,46.4,45.7,47.2,263,2,470,10,3,2,1,8,108,5,6.03,59.4,64.2,71.5,70.7,60.5,55.1,46.8
1119074,영등포구,영등포동,40.2,41.7,38.6,263,2,470,10,3,2,1,8,108,5,6.03,59.4,64.2,71.5,70.7,60.5,55.1,46.8
1119075,영등포구,도림동,45.9,45.2,46.6,263,2,470,10,3,2,1,8,108,5,6.03,59.4,64.2,71.5,70.7,60.5,55.1,46.8
1119076,영등포구,문래동,41.7,41.0,42.3,263,2,470,10,3,2,1,8,108,5,6.03,59.4,64.2,71.5,70.7,60.5,55.1,46.8
1120052,동작구,노량진2동,47.1,45.9,48.4,186,3,470,14,2,1,0,3,86,7,6.36,79.9,76.1,78.0,86.8,81.4,68.2,61.6
1120053,동작구,상도1동,42.8,41.6,43.9,186,3,470,14,2,1,0,3,86,7,6.36,79.9,76.1,78.0,86.8,81.4,68.2,61.6
1120054,동작구,상도2동,42.7,41.9,43.5,186,3,470,14,2,1,0,3,86,7,6.36,79.9,76.1,78.0,86.8,81.4,68.2,61.6
1120055,동작구,상도3동,45.8,44.8,46.6,186,3,470,14,2,1,0,3,86,7,6.36,79.9,76.1,78.0,86.8,81.4,68.2,61.6
1120056,동작구,상도4동,45.7,44.4,46.9,186,3,470,14,2,1,0,3,86,7,6.36,79.9,76.1,78.0,86.8,81.4,68.2,61.6
1120063,동작구,사당1동,44.0,43.3,44.6,186,3,470,14,2,1,0,3,86,7,6.36,79.9,76.1,78.0,86.8,81.4,68.2,61.6
1120065,동작구,사당3동,44.9,44.4,45.3,186,3,470,14,2,1,0,3,86,7,6.36,79.9,76.1,78.0,86.8,81.4,68.2,61.6
1120066,동작구,사당4동,45.9,44.9,46.9,186,3,470,14,2,1,0,3,86,7,6.36,79.9,76.1,78.0,86.8,81.4,68.2,61.6
1120067,동작구,사당5동,44.2,43.4,45.0,186,3,470,14,2,1,0,3,86,7,6.36,79.9,76.1,78.0,86.8,81.4,68.2,61.6
1120068,동작구,대방동,43.1,42.4,43.6,186,3,470,14,2,1,0,3,86,7,6.36,79.9,76.1,78.0,86.8,81.4,68.2,61.6
1120069,동작구,신대방1동,44.0,43.4,44.5,186,3,470,14,2,1,0,3,86,7,6.36,79.9,76.1,78.0,86.8,81.4,68.2,61.6
1120070,동작구,신대방2동,42.3,41.7,42.8,186,3,470,14,2,1,0,3,86,7,6.36,79.9,76.1,78.0,86.8,81.4,68.2,61.6
1120071,동작구,흑석동,43.4,42.4,44.4,186,3,470,14,2,1,0,3,86,7,6.36,79.9,76.1,78.0,86.8,81.4,68.2,61.6
1120072,동작구,노량진1동,44.5,42.9,46.1,186,3,470,14,2,1,0,3,86,7,6.36,79.9,76.1,78.0,86.8,81.4,68.2,61.6
1120073,동작구,사당2동,45.9,44.7,47.1,186,3,470,14,2,1,0,3,86,7,6.36,79.9,76.1,78.0,86.8,81.4,68.2,61.6
1121052,관악구,보라매동,45.1,44.0,46.2,223,1,415,11,2,2,2,1,135,5,6.01,72.9,69.4,64.8,72.0,67.5,61.2,49.1
1121054,관악구,청림동,45.0,43.6,46.3,223,1,415,11,2,2,2,1,135,5,6.01,72.9,69.4,64.8,72.0,67.5,61.2,49.1
1121057,관악구,행운동,42.2,41.9,42.4,223,1,415,11,2,2,2,1,135,5,6.01,72.9,69.4,64.8,72.0,67.5,61.2,49.1
1121058,관악구,낙성대동,38.9,38.6,39.2,223,1,415,11,2,2,2,1,135,5,6.01,72.9,69.4,64.8,72.0,67.5,61.2,49.1
1121061,관악구,중앙동,42.2,42.1,42.2,223,1,415,11,2,2,2,1,135,5,6.01,72.9,69.4,64.8,72.0,67.5,61.2,49.1
1121062,관악구,인헌동,43.1,42.3,43.8,223,1,415,11,2,2,2,1,135,5,6.01,72.9,69.4,64.8,72.0,67.5,61.2,49.1
1121063,관악구,남현동,43.5,42.9,44.1,223,1,415,11,2,2,2,1,135,5,6.01,72.9,69.4,64.8,72.0,67.5,61.2,49.1
1121064,관악구,서원동,42.2,41.2,43.3,223,1,415,11,2,2,2,1,135,5,6.01,72.9,69.4,64.8,72.0,67.5,61.2,49.1
1121065,관악구,신원동,44.6,43.3,46.0,223,1,415,11,2,2,2,1,135,5,6.01,72.9,69.4,64.8,72.0,67.5,61.2,49.1
1121066,관악구,서림동,43.2,42.0,44.8,223,1,415,11,2,2,2,1,135,5,6.01,72.9,69.4,64.8,72.0,67.5,61.2,49.1
1121068,관악구,신사동,43.2,42.5,43.9,223,1,415,11,2,2,2,1,135,5,6.01,72.9,69.4,64.8,72.0,67.5,61.2,49.1
1121068,강남구,신사동,45.1,44.5,45.7,489,2,2500,13,10,7,4,41,165,15,6.67,63.7,56.5,65.6,70.8,60.6,63.1,50.7
1123051,관악구,신사동,43.2,42.5,43.9,223,1,415,11,2,2,2,1,135,5,6.01,72.9,69.4,64.8,72.0,67.5,61.2,49.1
1123051,강남구,신사동,45.1,44.5,45.7,489,2,2500,13,10,7,4,41,165,15,6.67,63.7,56.5,65.6,70.8,60.6,63.1,50.7
1121069,관악구,신림동,37.6,37.8,37.3,223,1,415,11,2,2,2,1,135,5,6.01,72.9,69.4,64.8,72.0,67.5,61.2,49.1
1121071,관악구,난향동,45.8,44.9,46.6,223,1,415,11,2,2,2,1,135,5,6.01,72.9,69.4,64.8,72.0,67.5,61.2,49.1
1121072,관악구,조원동,42.8,42.9,42.7,223,1,415,11,2,2,2,1,135,5,6.01,72.9,69.4,64.8,72.0,67.5,61.2,49.1
1121073,관악구,대학동,42.1,41.3,43.3,223,1,415,11,2,2,2,1,135,5,6.01,72.9,69.4,64.8,72.0,67.5,61.2,49.1
1121078,관악구,은천동,44.5,43.6,45.5,223,1,415,11,2,2,2,1,135,5,6.01,72.9,69.4,64.8,72.0,67.5,61.2,49.1
1121079,관악구,성현동,45.3,43.9,46.6,223,1,415,11,2,2,2,1,135,5,6.01,72.9,69.4,64.8,72.0,67.5,61.2,49.1
1121080,관악구,청룡동,40.0,40.0,40.1,223,1,415,11,2,2,2,1,135,5,6.01,72.9,69.4,64.8,72.0,67.5,61.2,49.1
1121081,관악구,난곡동,47.8,46.7,48.8,223,1,415,11,2,2,2,1,135,5,6.01,72.9,69.4,64.8,72.0,67.5,61.2,49.1
1121082,관악구,삼성동,51.0,49.3,52.8,223,1,415,11,2,2,2,1,135,5,6.01,72.9,69.4,64.8,72.0,67.5,61.2,49.1
1121083,관악구,미성동,46.2,45.4,47.0,223,1,415,11,2,2,2,1,135,5,6.01,72.9,69.4,64.8,72.0,67.5,61.2,49.1
1122051,서초구,서초1동,43.1,42.3,43.9,266,0,1193,13,3,4,5,29,179,8,6.18,66.1,59.1,69.3,71.0,65.3,65.1,55.2
1122052,서초구,서초2동,40.2,40.1,40.3,266,0,1193,13,3,4,5,29,179,8,6.18,66.1,59.1,69.3,71.0,65.3,65.1,55.2
1122053,서초구,서초3동,43.2,42.8,43.5,266,0,1193,13,3,4,5,29,179,8,6.18,66.1,59.1,69.3,71.0,65.3,65.1,55.2
1122054,서초구,서초4동,41.4,40.9,41.9,266,0,1193,13,3,4,5,29,179,8,6.18,66.1,59.1,69.3,71.0,65.3,65.1,55.2
1122055,서초구,잠원동,41.8,41.1,42.5,266,0,1193,13,3,4,5,29,179,8,6.18,66.1,59.1,69.3,71.0,65.3,65.1,55.2
1122056,서초구,반포본동,43.3,44.8,42.0,266,0,1193,13,3,4,5,29,179,8,6.18,66.1,59.1,69.3,71.0,65.3,65.1,55.2
1122057,서초구,반포1동,40.1,39.7,40.5,266,0,1193,13,3,4,5,29,179,8,6.18,66.1,59.1,69.3,71.0,65.3,65.1,55.2
1122058,서초구,반포2동,40.4,39.9,40.7,266,0,1193,13,3,4,5,29,179,8,6.18,66.1,59.1,69.3,71.0,65.3,65.1,55.2
1122059,서초구,반포3동,41.5,40.7,42.3,266,0,1193,13,3,4,5,29,179,8,6.18,66.1,59.1,69.3,71.0,65.3,65.1,55.2
1122060,서초구,반포4동,42.6,41.7,43.5,266,0,1193,13,3,4,5,29,179,8,6.18,66.1,59.1,69.3,71.0,65.3,65.1,55.2
1122061,서초구,방배본동,42.9,42.7,43.1,266,0,1193,13,3,4,5,29,179,8,6.18,66.1,59.1,69.3,71.0,65.3,65.1,55.2
1122062,서초구,방배1동,44.4,43.7,45.1,266,0,1193,13,3,4,5,29,179,8,6.18,66.1,59.1,69.3,71.0,65.3,65.1,55.2
1122063,서초구,방배2동,45.3,44.4,46.1,266,0,1193,13,3,4,5,29,179,8,6.18,66.1,59.1,69.3,71.0,65.3,65.1,55.2
1122064,서초구,방배3동,44.6,44.2,44.9,266,0,1193,13,3,4,5,29,179,8,6.18,66.1,59.1,69.3,71.0,65.3,65.1,55.2
1122065,서초구,방배4동,43.1,43.1,43.2,266,0,1193,13,3,4,5,29,179,8,6.18,66.1,59.1,69.3,71.0,65.3,65.1,55.2
1122066,서초구,양재1동,43.7,42.6,44.7,266,0,1193,13,3,4,5,29,179,8,6.18,66.1,59.1,69.3,71.0,65.3,65.1,55.2
1122067,서초구,양재2동,43.4,42.4,44.4,266,0,1193,13,3,4,5,29,179,8,6.18,66.1,59.1,69.3,71.0,65.3,65.1,55.2
1122068,서초구,내곡동,44.5,43.6,45.3,266,0,1193,13,3,4,5,29,179,8,6.18,66.1,59.1,69.3,71.0,65.3,65.1,55.2
1123052,강남구,논현1동,43.2,42.9,43.4,489,2,2500,13,10,7,4,41,165,15,6.67,63.7,56.5,65.6,70.8,60.6,63.1,50.7
1123053,강남구,논현2동,43.7,43.3,43.9,489,2,2500,13,10,7,4,41,165,15,6.67,63.7,56.5,65.6,70.8,60.6,63.1,50.7
1123058,강남구,삼성1동,44.5,43.5,45.6,489,2,2500,13,10,7,4,41,165,15,6.67,63.7,56.5,65.6,70.8,60.6,63.1,50.7
1123059,강남구,삼성2동,41.3,40.5,42.0,489,2,2500,13,10,7,4,41,165,15,6.67,63.7,56.5,65.6,70.8,60.6,63.1,50.7
1123060,강남구,대치1동,39.3,38.4,40.1,489,2,2500,13,10,7,4,41,165,15,6.67,63.7,56.5,65.6,70.8,60.6,63.1,50.7
1123063,강남구,대치4동,41.3,40.4,42.2,489,2,2500,13,10,7,4,41,165,15,6.67,63.7,56.5,65.6,70.8,60.6,63.1,50.7
1123064,강남구,역삼1동,41.4,41.8,41.1,489,2,2500,13,10,7,4,41,165,15,6.67,63.7,56.5,65.6,70.8,60.6,63.1,50.7
1123065,강남구,역삼2동,39.6,39.9,39.3,489,2,2500,13,10,7,4,41,165,15,6.67,63.7,56.5,65.6,70.8,60.6,63.1,50.7
1123066,강남구,도곡1동,42.2,42.2,42.2,489,2,2500,13,10,7,4,41,165,15,6.67,63.7,56.5,65.6,70.8,60.6,63.1,50.7
1123067,강남구,도곡2동,42.1,42.5,41.8,489,2,2500,13,10,7,4,41,165,15,6.67,63.7,56.5,65.6,70.8,60.6,63.1,50.7
1123068,강남구,개포1동,44.5,44.6,44.4,489,2,2500,13,10,7,4,41,165,15,6.67,63.7,56.5,65.6,70.8,60.6,63.1,50.7
1123071,강남구,개포4동,43.0,42.4,43.5,489,2,2500,13,10,7,4,41,165,15,6.67,63.7,56.5,65.6,70.8,60.6,63.1,50.7
1123072,강남구,일원본동,41.7,40.0,43.4,489,2,2500,13,10,7,4,41,165,15,6.67,63.7,56.5,65.6,70.8,60.6,63.1,50.7
1123073,강남구,일원1동,47.4,45.7,48.9,489,2,2500,13,10,7,4,41,165,15,6.67,63.7,56.5,65.6,70.8,60.6,63.1,50.7
1123075,강남구,수서동,53.4,51.2,55.2,489,2,2500,13,10,7,4,41,165,15,6.67,63.7,56.5,65.6,70.8,60.6,63.1,50.7
1123076,강남구,세곡동,41.8,41.0,42.5,489,2,2500,13,10,7,4,41,165,15,6.67,63.7,56.5,65.6,70.8,60.6,63.1,50.7
1123077,강남구,압구정동,45.0,44.7,45.3,489,2,2500,13,10,7,4,41,165,15,6.67,63.7,56.5,65.6,70.8,60.6,63.1,50.7
1123078,강남구,청담동,43.0,42.1,43.8,489,2,2500,13,10,7,4,41,165,15,6.67,63.7,56.5,65.6,70.8,60.6,63.1,50.7
1123079,강남구,대치2동,41.5,40.1,43.0,489,2,2500,13,10,7,4,41,165,15,6.67,63.7,56.5,65.6,70.8,60.6,63.1,50.7
1123080,강남구,개포2동,40.3,40.0,40.7,489,2,2500,13,10,7,4,41,165,15,6.67,63.7,56.5,65.6,70.8,60.6,63.1,50.7
1124051,송파구,풍납1동,48.4,46.8,49.9,382,2,1110,12,4,7,2,13,174,12,6.43,63.5,59.1,65.4,64.0,55.4,59.5,46.6
1124052,송파구,풍납2동,43.5,43.2,43.8,382,2,1110,12,4,7,2,13,174,12,6.43,63.5,59.1,65.4,64.0,55.4,59.5,46.6
1124053,송파구,거여1동,47.0,46.1,48.0,382,2,1110,12,4,7,2,13,174,12,6.43,63.5,59.1,65.4,64.0,55.4,59.5,46.6
1124054,송파구,거여2동,44.9,43.8,46.0,382,2,1110,12,4,7,2,13,174,12,6.43,63.5,59.1,65.4,64.0,55.4,59.5,46.6
1124055,송파구,마천1동,48.9,47.9,50.0,382,2,1110,12,4,7,2,13,174,12,6.43,63.5,59.1,65.4,64.0,55.4,59.5,46.6
1124056,송파구,마천2동,49.6,48.3,51.0,382,2,1110,12,4,7,2,13,174,12,6.43,63.5,59.1,65.4,64.0,55.4,59.5,46.6
1124057,송파구,방이1동,43.4,42.8,43.9,382,2,1110,12,4,7,2,13,174,12,6.43,63.5,59.1,65.4,64.0,55.4,59.5,46.6
1124058,송파구,방이2동,42.6,42.6,42.6,382,2,1110,12,4,7,2,13,174,12,6.43,63.5,59.1,65.4,64.0,55.4,59.5,46.6
1124059,송파구,오륜동,43.5,42.6,44.3,382,2,1110,12,4,7,2,13,174,12,6.43,63.5,59.1,65.4,64.0,55.4,59.5,46.6
1124060,송파구,오금동,45.3,44.1,46.4,382,2,1110,12,4,7,2,13,174,12,6.43,63.5,59.1,65.4,64.0,55.4,59.5,46.6
1124061,송파구,송파1동,43.3,43.0,43.6,382,2,1110,12,4,7,2,13,174,12,6.43,63.5,59.1,65.4,64.0,55.4,59.5,46.6
1124062,송파구,송파2동,43.4,43.0,43.8,382,2,1110,12,4,7,2,13,174,12,6.43,63.5,59.1,65.4,64.0,55.4,59.5,46.6
1124063,송파구,석촌동,43.7,43.4,44.0,382,2,1110,12,4,7,2,13,174,12,6.43,63.5,59.1,65.4,64.0,55.4,59.5,46.6
1124064,송파구,삼전동,43.2,42.6,43.8,382,2,1110,12,4,7,2,13,174,12,6.43,63.5,59.1,65.4,64.0,55.4,59.5,46.6
1124065,송파구,가락본동,44.5,44.0,45.0,382,2,1110,12,4,7,2,13,174,12,6.43,63.5,59.1,65.4,64.0,55.4,59.5,46.6
1124066,송파구,가락1동,40.6,40.1,41.1,382,2,1110,12,4,7,2,13,174,12,6.43,63.5,59.1,65.4,64.0,55.4,59.5,46.6
1124067,송파구,가락2동,42.6,41.8,43.4,382,2,1110,12,4,7,2,13,174,12,6.43,63.5,59.1,65.4,64.0,55.4,59.5,46.6
1124068,송파구,문정1동,44.2,43.4,44.9,382,2,1110,12,4,7,2,13,174,12,6.43,63.5,59.1,65.4,64.0,55.4,59.5,46.6
1124069,송파구,문정2동,42.3,42.8,41.8,382,2,1110,12,4,7,2,13,174,12,6.43,63.5,59.1,65.4,64.0,55.4,59.5,46.6
1124071,송파구,잠실본동,43.1,42.7,43.4,382,2,1110,12,4,7,2,13,174,12,6.43,63.5,59.1,65.4,64.0,55.4,59.5,46.6
1124075,송파구,잠실4동,40.9,40.2,41.5,382,2,1110,12,4,7,2,13,174,12,6.43,63.5,59.1,65.4,64.0,55.4,59.5,46.6
1124077,송파구,잠실6동,44.1,43.5,44.6,382,2,1110,12,4,7,2,13,174,12,6.43,63.5,59.1,65.4,64.0,55.4,59.5,46.6
1124078,송파구,잠실7동,47.1,47.2,47.0,382,2,1110,12,4,7,2,13,174,12,6.43,63.5,59.1,65.4,64.0,55.4,59.5,46.6
1124079,송파구,잠실2동,39.1,38.6,39.5,382,2,1110,12,4,7,2,13,174,12,6.43,63.5,59.1,65.4,64.0,55.4,59.5,46.6
1124080,송파구,잠실3동,43.5,43.2,43.8,382,2,1110,12,4,7,2,13,174,12,6.43,63.5,59.1,65.4,64.0,55.4,59.5,46.6
1124081,송파구,장지동,43.8,42.7,44.9,382,2,1110,12,4,7,2,13,174,12,6.43,63.5,59.1,65.4,64.0,55.4,59.5,46.6
1124082,송파구,위례동,36.3,35.5,37.1,382,2,1110,12,4,7,2,13,174,12,6.43,63.5,59.1,65.4,64.0,55.4,59.5,46.6
1125051,강동구,강일동,42.9,41.5,44.1,253,0,703,9,3,2,0,5,129,9,6.58,75.4,73.6,76.8,81.3,78.7,68.3,60.7
1125053,강동구,명일1동,43.3,42.2,44.3,253,0,703,9,3,2,0,5,129,9,6.58,75.4,73.6,76.8,81.3,78.7,68.3,60.7
1125054,강동구,명일2동,42.8,42.1,43.6,253,0,703,9,3,2,0,5,129,9,6.58,75.4,73.6,76.8,81.3,78.7,68.3,60.7
1125055,강동구,고덕1동,40.3,39.0,41.5,253,0,703,9,3,2,0,5,129,9,6.58,75.4,73.6,76.8,81.3,78.7,68.3,60.7
1125056,강동구,고덕2동,41.1,40.5,41.6,253,0,703,9,3,2,0,5,129,9,6.58,75.4,73.6,76.8,81.3,78.7,68.3,60.7
1125058,강동구,암사2동,43.8,43.1,44.5,253,0,703,9,3,2,0,5,129,9,6.58,75.4,73.6,76.8,81.3,78.7,68.3,60.7
1125059,강동구,암사3동,42.6,41.8,43.3,253,0,703,9,3,2,0,5,129,9,6.58,75.4,73.6,76.8,81.3,78.7,68.3,60.7
1125061,강동구,천호1동,47.2,46.1,48.3,253,0,703,9,3,2,0,5,129,9,6.58,75.4,73.6,76.8,81.3,78.7,68.3,60.7
1125063,강동구,천호3동,45.4,45.4,45.4,253,0,703,9,3,2,0,5,129,9,6.58,75.4,73.6,76.8,81.3,78.7,68.3,60.7
1125065,강동구,성내1동,43.6,42.8,44.3,253,0,703,9,3,2,0,5,129,9,6.58,75.4,73.6,76.8,81.3,78.7,68.3,60.7
1125066,강동구,성내2동,45.9,45.6,46.2,253,0,703,9,3,2,0,5,129,9,6.58,75.4,73.6,76.8,81.3,78.7,68.3,60.7
1125067,강동구,성내3동,45.7,44.2,47.1,253,0,703,9,3,2,0,5,129,9,6.58,75.4,73.6,76.8,81.3,78.7,68.3,60.7
1125070,강동구,둔촌1동,46.0,47.7,43.9,253,0,703,9,3,2,0,5,129,9,6.58,75.4,73.6,76.8,81.3,78.7,68.3,60.7
1125071,강동구,둔촌2동,44.7,43.7,45.6,253,0,703,9,3,2,0,5,129,9,6.58,75.4,73.6,76.8,81.3,78.7,68.3,60.7
1125072,강동구,암사1동,45.9,44.9,46.9,253,0,703,9,3,2,0,5,129,9,6.58,75.4,73.6,76.8,81.3,78.7,68.3,60.7
1125073,강동구,천호2동,45.8,45.4,46.3,253,0,703,9,3,2,0,5,129,9,6.58,75.4,73.6,76.8,81.3,78.7,68.3,60.7
1125074,강동구,길동,46.0,45.2,46.7,253,0,703,9,3,2,0,5,129,9,6.58,75.4,73.6,76.8,81.3,78.7,68.3,60.7
